year,palette_id,palette_name,count,percentage
1988,009,Navy Blue,1,100.0
1989,001,Plum Mouse Gray,3,42.857142857142854
1989,005,Indigo Mouse Gray,1,14.285714285714286
1989,008,Seaweed Brown,1,14.285714285714286
1989,009,Navy Blue,1,14.285714285714286
1989,027,Ink Black,1,14.285714285714286
1990,027,Ink Black,1,100.0
1991,001,Plum Mouse Gray,2,10.526315789473685
1991,002,Shrimp Brown,1,5.2631578947368425
1991,005,Indigo Mouse Gray,3,15.789473684210526
1991,007,Nightingale Brown,2,10.526315789473685
1991,009,Navy Blue,6,31.57894736842105
1991,027,Ink Black,5,26.31578947368421
1992,001,Plum Mouse Gray,11,15.277777777777779
1992,002,Shrimp Brown,3,4.166666666666667
1992,003,Fukagawa Mouse Gray,5,6.944444444444445
1992,004,Cherry Mouse Gray,5,6.944444444444445
1992,005,Indigo Mouse Gray,16,22.22222222222222
1992,006,Willow Mouse Gray,4,5.555555555555555
1992,008,Seaweed Brown,1,1.3888888888888888
1992,009,Navy Blue,12,16.666666666666668
1992,010,Crimson,1,1.3888888888888888
1992,011,Nightingale Green,2,2.7777777777777777
1992,026,Mouse Gray,4,5.555555555555555
1992,027,Ink Black,6,8.333333333333334
1992,031,Burnt Sienna,2,2.7777777777777777
1993,003,Fukagawa Mouse Gray,1,14.285714285714286
1993,005,Indigo Mouse Gray,2,28.571428571428573
1993,009,Navy Blue,2,28.571428571428573
1993,027,Ink Black,1,14.285714285714286
1993,031,Burnt Sienna,1,14.285714285714286
1994,001,Plum Mouse Gray,13,27.659574468085108
1994,002,Shrimp Brown,2,4.25531914893617
1994,003,Fukagawa Mouse Gray,1,2.127659574468085
1994,004,Cherry Mouse Gray,2,4.25531914893617
1994,005,Indigo Mouse Gray,3,6.382978723404255
1994,008,Seaweed Brown,3,6.382978723404255
1994,009,Navy Blue,4,8.51063829787234
1994,011,Nightingale Green,2,4.25531914893617
1994,026,Mouse Gray,2,4.25531914893617
1994,027,Ink Black,11,23.404255319148938
1994,031,Burnt Sienna,2,4.25531914893617
1994,033,Forest Green,1,2.127659574468085
1994,040,Gold,1,2.127659574468085
1995,001,Plum Mouse Gray,13,16.883116883116884
1995,002,Shrimp Brown,3,3.896103896103896
1995,003,Fukagawa Mouse Gray,6,7.792207792207792
1995,004,Cherry Mouse Gray,1,1.2987012987012987
1995,005,Indigo Mouse Gray,11,14.285714285714286
1995,006,Willow Mouse Gray,1,1.2987012987012987
1995,008,Seaweed Brown,2,2.5974025974025974
1995,009,Navy Blue,12,15.584415584415584
1995,010,Crimson,3,3.896103896103896
1995,014,Azuki Bean Red,1,1.2987012987012987
1995,025,Purple,1,1.2987012987012987
1995,026,Mouse Gray,2,2.5974025974025974
1995,027,Ink Black,18,23.376623376623378
1995,031,Burnt Sienna,3,3.896103896103896
1996,001,Plum Mouse Gray,20,32.78688524590164
1996,002,Shrimp Brown,2,3.278688524590164
1996,003,Fukagawa Mouse Gray,1,1.639344262295082
1996,004,Cherry Mouse Gray,2,3.278688524590164
1996,005,Indigo Mouse Gray,6,9.836065573770492
1996,007,Nightingale Brown,6,9.836065573770492
1996,008,Seaweed Brown,3,4.918032786885246
1996,009,Navy Blue,2,3.278688524590164
1996,010,Crimson,2,3.278688524590164
1996,011,Nightingale Green,2,3.278688524590164
1996,012,Siskin Brown,1,1.639344262295082
1996,013,Celadon,1,1.639344262295082
1996,014,Azuki Bean Red,1,1.639344262295082
1996,016,Mustard,2,3.278688524590164
1996,026,Mouse Gray,1,1.639344262295082
1996,027,Ink Black,6,9.836065573770492
1996,031,Burnt Sienna,2,3.278688524590164
1996,038,Maroon,1,1.639344262295082
1997,001,Plum Mouse Gray,16,18.39080459770115
1997,002,Shrimp Brown,1,1.1494252873563218
1997,003,Fukagawa Mouse Gray,4,4.597701149425287
1997,004,Cherry Mouse Gray,3,3.4482758620689653
1997,005,Indigo Mouse Gray,14,16.091954022988507
1997,006,Willow Mouse Gray,1,1.1494252873563218
1997,007,Nightingale Brown,3,3.4482758620689653
1997,008,Seaweed Brown,1,1.1494252873563218
1997,009,Navy Blue,8,9.195402298850574
1997,011,Nightingale Green,9,10.344827586206897
1997,013,Celadon,1,1.1494252873563218
1997,026,Mouse Gray,3,3.4482758620689653
1997,027,Ink Black,20,22.988505747126435
1997,031,Burnt Sienna,2,2.2988505747126435
1997,036,Lavender,1,1.1494252873563218
1998,001,Plum Mouse Gray,5,7.936507936507937
1998,004,Cherry Mouse Gray,2,3.1746031746031744
1998,005,Indigo Mouse Gray,16,25.396825396825395
1998,007,Nightingale Brown,4,6.349206349206349
1998,008,Seaweed Brown,2,3.1746031746031744
1998,009,Navy Blue,1,1.5873015873015872
1998,010,Crimson,1,1.5873015873015872
1998,011,Nightingale Green,7,11.11111111111111
1998,026,Mouse Gray,4,6.349206349206349
1998,027,Ink Black,19,30.158730158730158
1998,031,Burnt Sienna,2,3.1746031746031744
1999,001,Plum Mouse Gray,15,24.193548387096776
1999,003,Fukagawa Mouse Gray,5,8.064516129032258
1999,005,Indigo Mouse Gray,5,8.064516129032258
1999,006,Willow Mouse Gray,2,3.225806451612903
1999,008,Seaweed Brown,2,3.225806451612903
1999,009,Navy Blue,1,1.6129032258064515
1999,010,Crimson,3,4.838709677419355
1999,012,Siskin Brown,3,4.838709677419355
1999,014,Azuki Bean Red,1,1.6129032258064515
1999,021,Dayflower Blue,1,1.6129032258064515
1999,026,Mouse Gray,5,8.064516129032258
1999,027,Ink Black,18,29.032258064516128
1999,031,Burnt Sienna,1,1.6129032258064515
2000,001,Plum Mouse Gray,32,10.491803278688524
2000,002,Shrimp Brown,62,20.327868852459016
2000,003,Fukagawa Mouse Gray,4,1.3114754098360655
2000,004,Cherry Mouse Gray,27,8.852459016393443
2000,005,Indigo Mouse Gray,11,3.6065573770491803
2000,006,Willow Mouse Gray,1,0.32786885245901637
2000,007,Nightingale Brown,24,7.868852459016393
2000,008,Seaweed Brown,4,1.3114754098360655
2000,009,Navy Blue,4,1.3114754098360655
2000,010,Crimson,6,1.9672131147540983
2000,011,Nightingale Green,2,0.6557377049180327
2000,014,Azuki Bean Red,8,2.622950819672131
2000,017,Peony Pink,2,0.6557377049180327
2000,020,Peach,2,0.6557377049180327
2000,024,Crimson Red,2,0.6557377049180327
2000,025,Purple,1,0.32786885245901637
2000,026,Mouse Gray,6,1.9672131147540983
2000,027,Ink Black,77,25.24590163934426
2000,031,Burnt Sienna,27,8.852459016393443
2000,034,Coral,1,0.32786885245901637
2000,036,Lavender,1,0.32786885245901637
2000,038,Maroon,1,0.32786885245901637
2001,001,Plum Mouse Gray,17,5.29595015576324
2001,002,Shrimp Brown,66,20.560747663551403
2001,004,Cherry Mouse Gray,15,4.672897196261682
2001,005,Indigo Mouse Gray,5,1.557632398753894
2001,007,Nightingale Brown,8,2.4922118380062304
2001,009,Navy Blue,8,2.4922118380062304
2001,010,Crimson,16,4.984423676012461
2001,014,Azuki Bean Red,26,8.09968847352025
2001,016,Mustard,1,0.3115264797507788
2001,017,Peony Pink,5,1.557632398753894
2001,024,Crimson Red,3,0.9345794392523364
2001,025,Purple,2,0.6230529595015576
2001,026,Mouse Gray,2,0.6230529595015576
2001,027,Ink Black,101,31.46417445482866
2001,030,Cherry Blossom Pink,3,0.9345794392523364
2001,031,Burnt Sienna,36,11.214953271028037
2001,036,Lavender,1,0.3115264797507788
2001,038,Maroon,6,1.8691588785046729
2002,001,Plum Mouse Gray,43,9.492273730684326
2002,002,Shrimp Brown,66,14.56953642384106
2002,003,Fukagawa Mouse Gray,2,0.44150110375275936
2002,004,Cherry Mouse Gray,27,5.960264900662252
2002,005,Indigo Mouse Gray,16,3.532008830022075
2002,006,Willow Mouse Gray,2,0.44150110375275936
2002,007,Nightingale Brown,19,4.194260485651214
2002,008,Seaweed Brown,5,1.1037527593818985
2002,009,Navy Blue,14,3.0905077262693155
2002,010,Crimson,20,4.415011037527594
2002,011,Nightingale Green,2,0.44150110375275936
2002,014,Azuki Bean Red,21,4.635761589403973
2002,017,Peony Pink,1,0.22075055187637968
2002,020,Peach,1,0.22075055187637968
2002,025,Purple,4,0.8830022075055187
2002,026,Mouse Gray,17,3.752759381898455
2002,027,Ink Black,135,29.801324503311257
2002,031,Burnt Sienna,50,11.037527593818984
2002,034,Coral,2,0.44150110375275936
2002,038,Maroon,5,1.1037527593818985
2002,040,Gold,1,0.22075055187637968
2003,001,Plum Mouse Gray,92,21.647058823529413
2003,002,Shrimp Brown,21,4.9411764705882355
2003,003,Fukagawa Mouse Gray,4,0.9411764705882353
2003,004,Cherry Mouse Gray,22,5.176470588235294
2003,005,Indigo Mouse Gray,29,6.823529411764706
2003,006,Willow Mouse Gray,1,0.23529411764705882
2003,007,Nightingale Brown,32,7.529411764705882
2003,008,Seaweed Brown,4,0.9411764705882353
2003,009,Navy Blue,6,1.411764705882353
2003,010,Crimson,2,0.47058823529411764
2003,011,Nightingale Green,1,0.23529411764705882
2003,012,Siskin Brown,2,0.47058823529411764
2003,014,Azuki Bean Red,3,0.7058823529411765
2003,016,Mustard,1,0.23529411764705882
2003,024,Crimson Red,1,0.23529411764705882
2003,025,Purple,3,0.7058823529411765
2003,026,Mouse Gray,18,4.235294117647059
2003,027,Ink Black,148,34.8235294117647
2003,031,Burnt Sienna,29,6.823529411764706
2003,036,Lavender,1,0.23529411764705882
2003,037,Olive,2,0.47058823529411764
2003,038,Maroon,2,0.47058823529411764
2003,040,Gold,1,0.23529411764705882
2004,001,Plum Mouse Gray,86,21.93877551020408
2004,002,Shrimp Brown,23,5.86734693877551
2004,003,Fukagawa Mouse Gray,4,1.0204081632653061
2004,004,Cherry Mouse Gray,28,7.142857142857143
2004,005,Indigo Mouse Gray,33,8.418367346938776
2004,006,Willow Mouse Gray,3,0.7653061224489796
2004,007,Nightingale Brown,32,8.16326530612245
2004,008,Seaweed Brown,12,3.061224489795918
2004,009,Navy Blue,3,0.7653061224489796
2004,010,Crimson,9,2.295918367346939
2004,011,Nightingale Green,1,0.25510204081632654
2004,012,Siskin Brown,1,0.25510204081632654
2004,014,Azuki Bean Red,7,1.7857142857142858
2004,016,Mustard,3,0.7653061224489796
2004,017,Peony Pink,1,0.25510204081632654
2004,025,Purple,1,0.25510204081632654
2004,026,Mouse Gray,25,6.377551020408164
2004,027,Ink Black,104,26.53061224489796
2004,031,Burnt Sienna,15,3.826530612244898
2004,038,Maroon,1,0.25510204081632654
2005,001,Plum Mouse Gray,104,17.50841750841751
2005,002,Shrimp Brown,73,12.289562289562289
2005,003,Fukagawa Mouse Gray,12,2.0202020202020203
2005,004,Cherry Mouse Gray,54,9.090909090909092
2005,005,Indigo Mouse Gray,45,7.575757575757576
2005,006,Willow Mouse Gray,6,1.0101010101010102
2005,007,Nightingale Brown,37,6.228956228956229
2005,008,Seaweed Brown,14,2.356902356902357
2005,009,Navy Blue,15,2.525252525252525
2005,010,Crimson,9,1.5151515151515151
2005,011,Nightingale Green,1,0.16835016835016836
2005,012,Siskin Brown,1,0.16835016835016836
2005,014,Azuki Bean Red,9,1.5151515151515151
2005,016,Mustard,5,0.8417508417508418
2005,021,Dayflower Blue,1,0.16835016835016836
2005,024,Crimson Red,1,0.16835016835016836
2005,025,Purple,4,0.6734006734006734
2005,026,Mouse Gray,32,5.3872053872053876
2005,027,Ink Black,129,21.717171717171716
2005,031,Burnt Sienna,42,7.070707070707071
2006,001,Plum Mouse Gray,124,20.26143790849673
2006,002,Shrimp Brown,46,7.516339869281046
2006,003,Fukagawa Mouse Gray,13,2.1241830065359477
2006,004,Cherry Mouse Gray,47,7.6797385620915035
2006,005,Indigo Mouse Gray,50,8.169934640522875
2006,006,Willow Mouse Gray,4,0.6535947712418301
2006,007,Nightingale Brown,64,10.457516339869281
2006,008,Seaweed Brown,22,3.5947712418300655
2006,009,Navy Blue,12,1.9607843137254901
2006,010,Crimson,1,0.16339869281045752
2006,011,Nightingale Green,4,0.6535947712418301
2006,012,Siskin Brown,1,0.16339869281045752
2006,014,Azuki Bean Red,3,0.49019607843137253
2006,017,Peony Pink,1,0.16339869281045752
2006,024,Crimson Red,1,0.16339869281045752
2006,026,Mouse Gray,55,8.986928104575163
2006,027,Ink Black,143,23.366013071895424
2006,031,Burnt Sienna,19,3.104575163398693
2006,036,Lavender,1,0.16339869281045752
2006,040,Gold,1,0.16339869281045752
2007,001,Plum Mouse Gray,170,24.963289280469898
2007,002,Shrimp Brown,12,1.7621145374449338
2007,003,Fukagawa Mouse Gray,21,3.0837004405286343
2007,004,Cherry Mouse Gray,36,5.286343612334802
2007,005,Indigo Mouse Gray,61,8.95741556534508
2007,006,Willow Mouse Gray,2,0.2936857562408223
2007,007,Nightingale Brown,77,11.30690161527166
2007,008,Seaweed Brown,24,3.5242290748898677
2007,009,Navy Blue,9,1.3215859030837005
2007,011,Nightingale Green,5,0.7342143906020558
2007,012,Siskin Brown,1,0.14684287812041116
2007,014,Azuki Bean Red,4,0.5873715124816447
2007,016,Mustard,1,0.14684287812041116
2007,017,Peony Pink,1,0.14684287812041116
2007,020,Peach,2,0.2936857562408223
2007,026,Mouse Gray,60,8.810572687224669
2007,027,Ink Black,178,26.138032305433185
2007,031,Burnt Sienna,13,1.908957415565345
2007,037,Olive,1,0.14684287812041116
2007,038,Maroon,3,0.44052863436123346
2008,001,Plum Mouse Gray,182,22.386223862238623
2008,002,Shrimp Brown,24,2.952029520295203
2008,003,Fukagawa Mouse Gray,22,2.706027060270603
2008,004,Cherry Mouse Gray,38,4.674046740467404
2008,005,Indigo Mouse Gray,73,8.979089790897909
2008,006,Willow Mouse Gray,6,0.7380073800738007
2008,007,Nightingale Brown,65,7.995079950799508
2008,008,Seaweed Brown,23,2.8290282902829027
2008,009,Navy Blue,20,2.4600246002460024
2008,010,Crimson,6,0.7380073800738007
2008,011,Nightingale Green,3,0.36900369003690037
2008,014,Azuki Bean Red,3,0.36900369003690037
2008,016,Mustard,1,0.12300123001230012
2008,017,Peony Pink,1,0.12300123001230012
2008,024,Crimson Red,2,0.24600246002460024
2008,026,Mouse Gray,122,15.006150061500614
2008,027,Ink Black,185,22.755227552275525
2008,031,Burnt Sienna,30,3.690036900369004
2008,036,Lavender,1,0.12300123001230012
2008,037,Olive,2,0.24600246002460024
2008,038,Maroon,2,0.24600246002460024
2008,040,Gold,2,0.24600246002460024
2009,001,Plum Mouse Gray,182,18.346774193548388
2009,002,Shrimp Brown,34,3.4274193548387095
2009,003,Fukagawa Mouse Gray,16,1.6129032258064515
2009,004,Cherry Mouse Gray,76,7.661290322580645
2009,005,Indigo Mouse Gray,109,10.987903225806452
2009,006,Willow Mouse Gray,1,0.10080645161290322
2009,007,Nightingale Brown,73,7.358870967741935
2009,008,Seaweed Brown,16,1.6129032258064515
2009,009,Navy Blue,9,0.907258064516129
2009,010,Crimson,3,0.3024193548387097
2009,011,Nightingale Green,6,0.6048387096774194
2009,012,Siskin Brown,1,0.10080645161290322
2009,014,Azuki Bean Red,3,0.3024193548387097
2009,016,Mustard,1,0.10080645161290322
2009,017,Peony Pink,1,0.10080645161290322
2009,024,Crimson Red,2,0.20161290322580644
2009,026,Mouse Gray,141,14.213709677419354
2009,027,Ink Black,251,25.302419354838708
2009,031,Burnt Sienna,59,5.94758064516129
2009,034,Coral,3,0.3024193548387097
2009,036,Lavender,1,0.10080645161290322
2009,038,Maroon,3,0.3024193548387097
2009,040,Gold,1,0.10080645161290322
2010,001,Plum Mouse Gray,227,17.944664031620555
2010,002,Shrimp Brown,59,4.664031620553359
2010,003,Fukagawa Mouse Gray,27,2.1343873517786562
2010,004,Cherry Mouse Gray,116,9.1699604743083
2010,005,Indigo Mouse Gray,151,11.936758893280633
2010,006,Willow Mouse Gray,2,0.15810276679841898
2010,007,Nightingale Brown,82,6.482213438735178
2010,008,Seaweed Brown,9,0.7114624505928854
2010,009,Navy Blue,24,1.8972332015810276
2010,010,Crimson,3,0.23715415019762845
2010,011,Nightingale Green,3,0.23715415019762845
2010,012,Siskin Brown,1,0.07905138339920949
2010,014,Azuki Bean Red,1,0.07905138339920949
2010,015,Water Blue,1,0.07905138339920949
2010,016,Mustard,1,0.07905138339920949
2010,019,Yamabuki Yellow,1,0.07905138339920949
2010,023,Light Indigo,1,0.07905138339920949
2010,024,Crimson Red,4,0.31620553359683795
2010,025,Purple,1,0.07905138339920949
2010,026,Mouse Gray,160,12.648221343873518
2010,027,Ink Black,321,25.375494071146246
2010,030,Cherry Blossom Pink,1,0.07905138339920949
2010,031,Burnt Sienna,57,4.5059288537549405
2010,032,Slate Blue,1,0.07905138339920949
2010,034,Coral,2,0.15810276679841898
2010,036,Lavender,1,0.07905138339920949
2010,038,Maroon,2,0.15810276679841898
2010,040,Gold,6,0.4743083003952569
2011,001,Plum Mouse Gray,272,20.66869300911854
2011,002,Shrimp Brown,35,2.6595744680851063
2011,003,Fukagawa Mouse Gray,21,1.5957446808510638
2011,004,Cherry Mouse Gray,118,8.966565349544073
2011,005,Indigo Mouse Gray,114,8.662613981762918
2011,006,Willow Mouse Gray,3,0.22796352583586627
2011,007,Nightingale Brown,124,9.422492401215806
2011,008,Seaweed Brown,21,1.5957446808510638
2011,009,Navy Blue,25,1.8996960486322187
2011,010,Crimson,10,0.7598784194528876
2011,011,Nightingale Green,11,0.8358662613981763
2011,014,Azuki Bean Red,5,0.3799392097264438
2011,016,Mustard,2,0.1519756838905775
2011,024,Crimson Red,6,0.45592705167173253
2011,026,Mouse Gray,114,8.662613981762918
2011,027,Ink Black,369,28.03951367781155
2011,031,Burnt Sienna,58,4.407294832826747
2011,034,Coral,2,0.1519756838905775
2011,035,Teal,1,0.07598784194528875
2011,036,Lavender,1,0.07598784194528875
2011,037,Olive,1,0.07598784194528875
2011,038,Maroon,3,0.22796352583586627
2012,001,Plum Mouse Gray,279,17.275541795665635
2012,002,Shrimp Brown,64,3.9628482972136223
2012,003,Fukagawa Mouse Gray,60,3.7151702786377707
2012,004,Cherry Mouse Gray,164,10.154798761609907
2012,005,Indigo Mouse Gray,129,7.987616099071207
2012,006,Willow Mouse Gray,4,0.2476780185758514
2012,007,Nightingale Brown,120,7.430340557275541
2012,008,Seaweed Brown,15,0.9287925696594427
2012,009,Navy Blue,34,2.1052631578947367
2012,010,Crimson,19,1.1764705882352942
2012,011,Nightingale Green,8,0.4953560371517028
2012,012,Siskin Brown,2,0.1238390092879257
2012,014,Azuki Bean Red,6,0.3715170278637771
2012,016,Mustard,6,0.3715170278637771
2012,017,Peony Pink,1,0.06191950464396285
2012,020,Peach,3,0.18575851393188855
2012,024,Crimson Red,5,0.30959752321981426
2012,026,Mouse Gray,167,10.340557275541796
2012,027,Ink Black,430,26.625386996904023
2012,030,Cherry Blossom Pink,1,0.06191950464396285
2012,031,Burnt Sienna,75,4.643962848297214
2012,035,Teal,1,0.06191950464396285
2012,036,Lavender,7,0.43343653250773995
2012,037,Olive,1,0.06191950464396285
2012,038,Maroon,10,0.6191950464396285
2012,040,Gold,4,0.2476780185758514
2013,001,Plum Mouse Gray,248,14.41022661243463
2013,002,Shrimp Brown,61,3.544450900639163
2013,003,Fukagawa Mouse Gray,61,3.544450900639163
2013,004,Cherry Mouse Gray,156,9.06449738524114
2013,005,Indigo Mouse Gray,163,9.4712376525276
2013,006,Willow Mouse Gray,3,0.17431725740848344
2013,007,Nightingale Brown,94,5.461940732132481
2013,008,Seaweed Brown,21,1.220220801859384
2013,009,Navy Blue,50,2.905287623474724
2013,010,Crimson,13,0.7553747821034282
2013,011,Nightingale Green,4,0.23242300987797793
2013,012,Siskin Brown,3,0.17431725740848344
2013,014,Azuki Bean Red,5,0.2905287623474724
2013,016,Mustard,3,0.17431725740848344
2013,017,Peony Pink,3,0.17431725740848344
2013,020,Peach,2,0.11621150493898896
2013,024,Crimson Red,8,0.46484601975595585
2013,025,Purple,3,0.17431725740848344
2013,026,Mouse Gray,211,12.260313771063336
2013,027,Ink Black,506,29.401510749564206
2013,030,Cherry Blossom Pink,5,0.2905287623474724
2013,031,Burnt Sienna,80,4.648460197559558
2013,034,Coral,3,0.17431725740848344
2013,035,Teal,4,0.23242300987797793
2013,036,Lavender,3,0.17431725740848344
2013,037,Olive,1,0.05810575246949448
2013,038,Maroon,7,0.40674026728646134
2014,001,Plum Mouse Gray,293,16.685649202733487
2014,002,Shrimp Brown,62,3.530751708428246
2014,003,Fukagawa Mouse Gray,55,3.132118451025057
2014,004,Cherry Mouse Gray,160,9.111617312072893
2014,005,Indigo Mouse Gray,152,8.656036446469248
2014,006,Willow Mouse Gray,5,0.2847380410022779
2014,007,Nightingale Brown,108,6.150341685649202
2014,008,Seaweed Brown,28,1.5945330296127562
2014,009,Navy Blue,33,1.8792710706150342
2014,010,Crimson,8,0.45558086560364464
2014,011,Nightingale Green,6,0.3416856492027335
2014,012,Siskin Brown,4,0.22779043280182232
2014,014,Azuki Bean Red,4,0.22779043280182232
2014,017,Peony Pink,3,0.17084282460136674
2014,018,Blue-Green,1,0.05694760820045558
2014,021,Dayflower Blue,1,0.05694760820045558
2014,024,Crimson Red,4,0.22779043280182232
2014,025,Purple,4,0.22779043280182232
2014,026,Mouse Gray,219,12.471526195899772
2014,027,Ink Black,529,30.125284738041003
2014,030,Cherry Blossom Pink,2,0.11389521640091116
2014,031,Burnt Sienna,61,3.4738041002277904
2014,034,Coral,1,0.05694760820045558
2014,035,Teal,2,0.11389521640091116
2014,038,Maroon,8,0.45558086560364464
2014,040,Gold,3,0.17084282460136674
2015,001,Plum Mouse Gray,335,16.42156862745098
2015,002,Shrimp Brown,72,3.5294117647058822
2015,003,Fukagawa Mouse Gray,61,2.9901960784313726
2015,004,Cherry Mouse Gray,148,7.254901960784314
2015,005,Indigo Mouse Gray,177,8.676470588235293
2015,006,Willow Mouse Gray,8,0.39215686274509803
2015,007,Nightingale Brown,125,6.127450980392157
2015,008,Seaweed Brown,22,1.0784313725490196
2015,009,Navy Blue,32,1.5686274509803921
2015,010,Crimson,15,0.7352941176470589
2015,011,Nightingale Green,13,0.6372549019607843
2015,014,Azuki Bean Red,7,0.3431372549019608
2015,015,Water Blue,2,0.09803921568627451
2015,016,Mustard,2,0.09803921568627451
2015,017,Peony Pink,2,0.09803921568627451
2015,018,Blue-Green,2,0.09803921568627451
2015,019,Yamabuki Yellow,1,0.049019607843137254
2015,020,Peach,3,0.14705882352941177
2015,021,Dayflower Blue,1,0.049019607843137254
2015,024,Crimson Red,8,0.39215686274509803
2015,025,Purple,3,0.14705882352941177
2015,026,Mouse Gray,219,10.735294117647058
2015,027,Ink Black,658,32.254901960784316
2015,028,Pale Blue-Green,1,0.049019607843137254
2015,030,Cherry Blossom Pink,1,0.049019607843137254
2015,031,Burnt Sienna,110,5.392156862745098
2015,034,Coral,1,0.049019607843137254
2015,036,Lavender,1,0.049019607843137254
2015,038,Maroon,10,0.49019607843137253
2016,001,Plum Mouse Gray,533,15.924708694353152
2016,002,Shrimp Brown,134,4.003585300268898
2016,003,Fukagawa Mouse Gray,109,3.2566477442485806
2016,004,Cherry Mouse Gray,294,8.783985658798924
2016,005,Indigo Mouse Gray,345,10.307738273080371
2016,006,Willow Mouse Gray,1,0.02987750224081267
2016,007,Nightingale Brown,200,5.975500448162534
2016,008,Seaweed Brown,61,1.8225276366895728
2016,009,Navy Blue,110,3.2865252464893935
2016,010,Crimson,14,0.41828503137137735
2016,011,Nightingale Green,25,0.7469375560203168
2016,012,Siskin Brown,1,0.02987750224081267
2016,013,Celadon,1,0.02987750224081267
2016,014,Azuki Bean Red,21,0.627427547057066
2016,015,Water Blue,1,0.02987750224081267
2016,016,Mustard,8,0.23902001792650135
2016,020,Peach,3,0.089632506722438
2016,021,Dayflower Blue,1,0.02987750224081267
2016,024,Crimson Red,4,0.11951000896325067
2016,025,Purple,5,0.14938751120406335
2016,026,Mouse Gray,378,11.29369584702719
2016,027,Ink Black,927,27.696444577233343
2016,028,Pale Blue-Green,2,0.05975500448162534
2016,030,Cherry Blossom Pink,2,0.05975500448162534
2016,031,Burnt Sienna,138,4.1230953092321485
2016,034,Coral,2,0.05975500448162534
2016,035,Teal,2,0.05975500448162534
2016,036,Lavender,1,0.02987750224081267
2016,037,Olive,3,0.089632506722438
2016,038,Maroon,17,0.5079175380938153
2016,040,Gold,4,0.11951000896325067
2017,001,Plum Mouse Gray,373,17.429906542056074
2017,002,Shrimp Brown,82,3.8317757009345796
2017,003,Fukagawa Mouse Gray,45,2.102803738317757
2017,004,Cherry Mouse Gray,145,6.775700934579439
2017,005,Indigo Mouse Gray,245,11.448598130841122
2017,006,Willow Mouse Gray,4,0.18691588785046728
2017,007,Nightingale Brown,127,5.934579439252336
2017,008,Seaweed Brown,39,1.8224299065420562
2017,009,Navy Blue,38,1.7757009345794392
2017,010,Crimson,14,0.6542056074766355
2017,011,Nightingale Green,8,0.37383177570093457
2017,012,Siskin Brown,3,0.14018691588785046
2017,014,Azuki Bean Red,8,0.37383177570093457
2017,015,Water Blue,1,0.04672897196261682
2017,017,Peony Pink,2,0.09345794392523364
2017,021,Dayflower Blue,1,0.04672897196261682
2017,024,Crimson Red,8,0.37383177570093457
2017,025,Purple,2,0.09345794392523364
2017,026,Mouse Gray,244,11.401869158878505
2017,027,Ink Black,655,30.60747663551402
2017,030,Cherry Blossom Pink,2,0.09345794392523364
2017,031,Burnt Sienna,78,3.6448598130841123
2017,033,Forest Green,1,0.04672897196261682
2017,034,Coral,1,0.04672897196261682
2017,036,Lavender,3,0.14018691588785046
2017,038,Maroon,10,0.4672897196261682
2017,040,Gold,1,0.04672897196261682
2018,001,Plum Mouse Gray,121,14.35349940688019
2018,002,Shrimp Brown,33,3.9145907473309607
2018,003,Fukagawa Mouse Gray,32,3.795966785290629
2018,004,Cherry Mouse Gray,46,5.456702253855279
2018,005,Indigo Mouse Gray,94,11.150652431791222
2018,006,Willow Mouse Gray,1,0.11862396204033215
2018,007,Nightingale Brown,69,8.185053380782918
2018,008,Seaweed Brown,24,2.8469750889679717
2018,009,Navy Blue,28,3.3214709371293
2018,010,Crimson,9,1.0676156583629892
2018,011,Nightingale Green,9,1.0676156583629892
2018,012,Siskin Brown,4,0.4744958481613286
2018,014,Azuki Bean Red,2,0.2372479240806643
2018,021,Dayflower Blue,2,0.2372479240806643
2018,024,Crimson Red,3,0.35587188612099646
2018,025,Purple,1,0.11862396204033215
2018,026,Mouse Gray,58,6.880189798339265
2018,027,Ink Black,257,30.486358244365363
2018,031,Burnt Sienna,41,4.863582443653618
2018,032,Slate Blue,2,0.2372479240806643
2018,034,Coral,1,0.11862396204033215
2018,037,Olive,1,0.11862396204033215
2018,038,Maroon,5,0.5931198102016607
2019,001,Plum Mouse Gray,314,14.888572783309625
2019,002,Shrimp Brown,114,5.405405405405405
2019,003,Fukagawa Mouse Gray,58,2.750118539592224
2019,004,Cherry Mouse Gray,177,8.392603129445234
2019,005,Indigo Mouse Gray,234,11.095305832147938
2019,006,Willow Mouse Gray,9,0.4267425320056899
2019,007,Nightingale Brown,123,5.832147937411095
2019,008,Seaweed Brown,32,1.5173067804646752
2019,009,Navy Blue,73,3.4613560929350404
2019,010,Crimson,22,1.0431484115694643
2019,011,Nightingale Green,14,0.6638217164532954
2019,012,Siskin Brown,6,0.2844950213371266
2019,014,Azuki Bean Red,10,0.474158368895211
2019,016,Mustard,3,0.1422475106685633
2019,017,Peony Pink,4,0.1896633475580844
2019,020,Peach,1,0.0474158368895211
2019,021,Dayflower Blue,3,0.1422475106685633
2019,023,Light Indigo,1,0.0474158368895211
2019,024,Crimson Red,13,0.6164058795637744
2019,025,Purple,1,0.0474158368895211
2019,026,Mouse Gray,202,9.577999051683262
2019,027,Ink Black,571,27.07444286391655
2019,031,Burnt Sienna,97,4.599336178283547
2019,033,Forest Green,1,0.0474158368895211
2019,034,Coral,5,0.2370791844476055
2019,037,Olive,1,0.0474158368895211
2019,038,Maroon,20,0.948316737790422
2020,001,Plum Mouse Gray,295,14.944275582573455
2020,002,Shrimp Brown,94,4.761904761904762
2020,003,Fukagawa Mouse Gray,57,2.8875379939209727
2020,004,Cherry Mouse Gray,151,7.649442755825735
2020,005,Indigo Mouse Gray,227,11.49949341438703
2020,006,Willow Mouse Gray,3,0.1519756838905775
2020,007,Nightingale Brown,121,6.12968591691996
2020,008,Seaweed Brown,33,1.6717325227963526
2020,009,Navy Blue,50,2.5329280648429586
2020,010,Crimson,20,1.0131712259371835
2020,011,Nightingale Green,23,1.165146909827761
2020,012,Siskin Brown,2,0.10131712259371833
2020,013,Celadon,2,0.10131712259371833
2020,014,Azuki Bean Red,9,0.45592705167173253
2020,015,Water Blue,1,0.05065856129685917
2020,016,Mustard,2,0.10131712259371833
2020,017,Peony Pink,3,0.1519756838905775
2020,021,Dayflower Blue,8,0.40526849037487334
2020,024,Crimson Red,6,0.303951367781155
2020,025,Purple,6,0.303951367781155
2020,026,Mouse Gray,198,10.030395136778116
2020,027,Ink Black,566,28.67274569402229
2020,030,Cherry Blossom Pink,3,0.1519756838905775
2020,031,Burnt Sienna,77,3.900709219858156
2020,033,Forest Green,1,0.05065856129685917
2020,034,Coral,1,0.05065856129685917
2020,035,Teal,1,0.05065856129685917
2020,036,Lavender,1,0.05065856129685917
2020,037,Olive,3,0.1519756838905775
2020,038,Maroon,8,0.40526849037487334
2020,040,Gold,2,0.10131712259371833
2021,001,Plum Mouse Gray,168,15.314494074749316
2021,002,Shrimp Brown,36,3.2816773017319965
2021,003,Fukagawa Mouse Gray,58,5.28714676390155
2021,004,Cherry Mouse Gray,105,9.571558796718323
2021,005,Indigo Mouse Gray,128,11.668185961713764
2021,006,Willow Mouse Gray,4,0.3646308113035551
2021,007,Nightingale Brown,58,5.28714676390155
2021,008,Seaweed Brown,43,3.919781221513218
2021,009,Navy Blue,39,3.555150410209663
2021,010,Crimson,9,0.8204193254329991
2021,011,Nightingale Green,8,0.7292616226071102
2021,012,Siskin Brown,3,0.27347310847766637
2021,013,Celadon,2,0.18231540565177756
2021,016,Mustard,2,0.18231540565177756
2021,017,Peony Pink,2,0.18231540565177756
2021,020,Peach,1,0.09115770282588878
2021,024,Crimson Red,1,0.09115770282588878
2021,025,Purple,1,0.09115770282588878
2021,026,Mouse Gray,123,11.21239744758432
2021,027,Ink Black,234,21.330902461257978
2021,028,Pale Blue-Green,1,0.09115770282588878
2021,030,Cherry Blossom Pink,1,0.09115770282588878
2021,031,Burnt Sienna,50,4.557885141294439
2021,033,Forest Green,1,0.09115770282588878
2021,034,Coral,1,0.09115770282588878
2021,035,Teal,1,0.09115770282588878
2021,036,Lavender,2,0.18231540565177756
2021,038,Maroon,10,0.9115770282588879
2021,040,Gold,5,0.45578851412944393
2022,001,Plum Mouse Gray,212,14.773519163763066
2022,002,Shrimp Brown,61,4.2508710801393725
2022,003,Fukagawa Mouse Gray,64,4.45993031358885
2022,004,Cherry Mouse Gray,102,7.10801393728223
2022,005,Indigo Mouse Gray,126,8.78048780487805
2022,006,Willow Mouse Gray,1,0.06968641114982578
2022,007,Nightingale Brown,106,7.386759581881533
2022,008,Seaweed Brown,30,2.0905923344947737
2022,009,Navy Blue,39,2.7177700348432055
2022,010,Crimson,12,0.8362369337979094
2022,011,Nightingale Green,16,1.1149825783972125
2022,012,Siskin Brown,3,0.20905923344947736
2022,014,Azuki Bean Red,5,0.34843205574912894
2022,017,Peony Pink,4,0.2787456445993031
2022,020,Peach,1,0.06968641114982578
2022,021,Dayflower Blue,2,0.13937282229965156
2022,023,Light Indigo,1,0.06968641114982578
2022,024,Crimson Red,8,0.5574912891986062
2022,025,Purple,3,0.20905923344947736
2022,026,Mouse Gray,161,11.21951219512195
2022,027,Ink Black,391,27.247386759581882
2022,030,Cherry Blossom Pink,2,0.13937282229965156
2022,031,Burnt Sienna,55,3.832752613240418
2022,032,Slate Blue,1,0.06968641114982578
2022,033,Forest Green,3,0.20905923344947736
2022,036,Lavender,2,0.13937282229965156
2022,037,Olive,2,0.13937282229965156
2022,038,Maroon,21,1.4634146341463414
2022,040,Gold,1,0.06968641114982578
2023,001,Plum Mouse Gray,205,16.4
2023,002,Shrimp Brown,49,3.92
2023,003,Fukagawa Mouse Gray,45,3.6
2023,004,Cherry Mouse Gray,74,5.92
2023,005,Indigo Mouse Gray,102,8.16
2023,006,Willow Mouse Gray,1,0.08
2023,007,Nightingale Brown,121,9.68
2023,008,Seaweed Brown,24,1.92
2023,009,Navy Blue,35,2.8
2023,010,Crimson,9,0.72
2023,011,Nightingale Green,8,0.64
2023,012,Siskin Brown,2,0.16
2023,013,Celadon,1,0.08
2023,014,Azuki Bean Red,2,0.16
2023,015,Water Blue,1,0.08
2023,016,Mustard,2,0.16
2023,017,Peony Pink,3,0.24
2023,019,Yamabuki Yellow,1,0.08
2023,020,Peach,1,0.08
2023,021,Dayflower Blue,2,0.16
2023,024,Crimson Red,2,0.16
2023,025,Purple,1,0.08
2023,026,Mouse Gray,115,9.2
2023,027,Ink Black,381,30.48
2023,030,Cherry Blossom Pink,3,0.24
2023,031,Burnt Sienna,41,3.28
2023,036,Lavender,6,0.48
2023,037,Olive,2,0.16
2023,038,Maroon,11,0.88
